{
  "project_info": {
    "project_number": "112106504026",
    "firebase_url": "https://rtr-construction.firebaseio.com",
    "project_id": "rtr-construction",
    "storage_bucket": "rtr-construction.appspot.com"
  },
  "client": [
    {
      "client_info": {
        "mobilesdk_app_id": "1:112106504026:android:99317d2931a08619e77d63",
        "android_client_info": {
          "package_name": "com.bchilakalapudi.rtrconstruction"
        }
      },
      "oauth_client": [
        {
          "client_id": "112106504026-dvg9lnad8mottcqef3ev469ccqlelq2u.apps.googleusercontent.com",
          "client_type": 3
        }
      ],
      "api_key": [
        {
          "current_key": "AIzaSyBeaJSnPUSBeb1yDQrNaAO-T4cDjlhW8Yw"
        }
      ],
      "services": {
        "appinvite_service": {
          "other_platform_oauth_client": [
            {
              "client_id": "112106504026-dvg9lnad8mottcqef3ev469ccqlelq2u.apps.googleusercontent.com",
              "client_type": 3
            }
          ]
        }
      }
    }
  ],
  "configuration_version": "1"
}